StockCode,Latest_Close,MA5,MA20,StockName
603889,5.84,5.772,5.4485,新澳股份
600587,12.72,12.209999999999999,12.133,新华医疗
600628,6.06,5.886,5.8285,新世界
603535,6.47,6.374,6.0835,嘉诚国际
003013,16.15,15.774000000000001,15.383,
600461,9.44,9.193999999999999,9.165000000000001,洪城环境
600679,9.59,9.512,9.187000000000001,上海凤凰
600062,17.25,16.762,16.58,华润双鹤
002540,5.01,4.914,4.772,
000948,15.78,14.496,13.7155,
002103,6.86,6.568000000000003,6.179,
603518,7.98,7.9719999999999995,7.7715000000000005,锦泓集团
601139,6.22,6.032,5.896,深圳燃气
002003,9.12,8.726,8.6455,
600479,10.04,9.706,9.5995,千金药业
603883,12.33,11.678,11.5325,老百姓
603233,19.25,18.462,16.7755,大参林
002743,11.6,11.572,8.176,
002820,9.1,8.861999999999998,8.485499999999998,
002624,11.53,10.9,10.6815,
600167,5.87,5.69,5.6375,联美控股
601200,7.05,6.898000000000001,6.8565,上海环境
002250,16.26,14.701999999999998,14.461000000000002,
603366,6.91,6.858,6.5680000000000005,日出东方
002728,10.19,9.806000000000001,9.068999999999999,
002677,7.23,6.846000000000001,6.2095,
000731,5.83,5.806,5.4855,
600872,18.74,18.118000000000002,17.944499999999998,中炬高新
600731,5.46,5.38,5.3575,湖南海利
600153,9.19,9.15,8.8735,建发股份
601360,9.0,8.924000000000001,8.8705,三六零
601827,7.82,7.734,7.5375,三峰环境
000968,6.79,6.552,6.3675,
601121,6.87,6.544,6.18,宝地矿业
000011,6.6,6.428,6.2655,
600535,15.29,14.475999999999999,13.977500000000001,天士力
000998,8.03,7.9159999999999995,7.789,
002546,8.52,8.18,7.501,
600422,8.84,8.588,8.244,昆药集团
603567,6.67,6.27,5.755000000000001,珍宝岛
600883,16.4,15.838,11.639999999999999,博闻科技
600054,11.27,11.236,11.0265,黄山旅游
000848,8.46,8.166,7.821000000000001,
002382,7.11,6.956,6.253,
603477,15.82,15.55,14.810500000000001,巨星农牧
600223,5.55,5.4079999999999995,5.2705,福瑞达
600177,7.82,7.726000000000001,7.6274999999999995,雅戈尔
002905,16.33,15.452000000000002,11.7095,
002332,8.71,8.383999999999999,8.2715,
600056,9.64,9.322,9.0915,中国医药
601077,6.69,6.5280000000000005,6.389,渝农商行
000989,9.99,8.936000000000002,8.2705,
002284,9.56,9.506,9.155999999999999,
000995,10.56,10.156,9.763,
603229,8.56,8.203999999999999,8.1285,奥翔药业
600997,5.32,5.136,5.0375,开滦股份
600116,6.2,5.854000000000001,5.817500000000001,三峡水利
600820,5.61,5.465999999999999,5.3695,隧道股份
603172,16.62,15.964000000000002,15.6825,万丰股份
600674,15.62,15.074000000000002,14.499,川投能源
002883,14.82,14.628,12.2545,
600648,9.45,9.39,8.897499999999999,外高桥
002575,5.37,5.058000000000001,4.764,
001217,9.85,9.802,8.928999999999998,
002651,7.81,7.664,7.391,
002264,6.54,6.296,6.0555,
002795,6.04,5.909999999999999,5.8774999999999995,
603719,9.18,8.992,8.9635,良品铺子
603378,9.6,8.742,7.186,亚士创能
600839,7.44,7.08,6.844499999999999,四川长虹
600640,10.22,10.172,10.1555,国脉文化
002244,8.28,7.967999999999999,7.9455,
600018,5.24,5.132,4.946,上港集团
002292,7.95,7.688,7.047499999999999,
600380,10.52,10.158,9.8985,健康元
603598,18.83,16.996000000000002,15.905999999999997,引力传媒
000498,5.07,4.934,4.91,
002030,6.3,6.152,5.6655,
600846,12.14,11.719999999999999,11.432,同济科技
002969,12.41,12.290000000000001,11.886000000000001,
000990,9.56,9.068000000000001,8.736,
605136,8.17,8.139999999999999,7.522500000000001,丽人丽妆
600746,6.31,5.544,5.5,江苏索普
002583,8.23,8.062,7.961000000000001,
000089,6.57,6.336,6.277500000000001,
002774,16.37,15.634,14.306000000000001,
600272,11.41,10.968,10.722,开开实业
002930,10.08,9.792,9.27,
600351,6.72,6.401999999999999,6.1065,亚宝药业
600354,5.59,5.142,4.9995,敦煌种业
605368,6.73,6.546000000000001,6.43,蓝天燃气
000779,11.18,10.591999999999999,8.687000000000001,
600000,9.31,9.14,8.958499999999999,浦发银行
601801,5.28,5.096000000000001,5.079,皖新传媒
000582,12.41,12.395999999999999,11.524,
603081,9.3,9.108,8.829,大丰实业
603367,15.73,14.290000000000001,13.556999999999999,辰欣药业
603677,14.0,13.318000000000001,13.266,奇精机械
000514,9.35,9.328,7.1875,
001330,5.2,4.894,4.811,
600493,5.91,5.828,5.6765,凤竹纺织
002399,10.11,9.693999999999999,9.312,
002339,7.43,7.242,6.795,
002716,8.21,7.942,7.590000000000001,
002164,11.19,10.958,10.7255,
603577,11.37,11.17,10.339,汇金通
603309,12.36,11.968,11.687,维力医疗
000554,6.54,6.188,5.9645,
603368,15.92,15.464000000000002,15.3305,柳药集团
601003,9.82,9.708,7.225499999999999,柳钢股份
603421,5.76,5.558,5.516,鼎信通讯
603326,8.81,8.684000000000001,7.785500000000001,我乐家居
002695,10.34,9.87,9.565,
002867,12.41,12.088,11.8215,
002412,6.81,6.276,5.9505,
601607,16.87,16.402,16.041,上海医药
603041,14.7,14.514,12.4815,美思德
601696,12.01,11.819999999999999,11.653500000000001,中银证券
000507,5.02,4.806,4.792,
600998,5.16,5.087999999999999,4.8925,九州通
000788,5.6,5.31,5.179,
002609,7.37,7.35,7.282000000000001,
001376,11.29,11.018,10.1975,
002966,7.91,7.612,7.424000000000001,
002029,8.32,8.056000000000001,7.85,
601116,10.57,10.312,9.818999999999999,三江购物
600733,5.93,5.924,5.026,北汽蓝谷
603578,12.88,12.75,12.674,三星新材
002667,11.91,11.528,10.158999999999999,
002063,5.24,5.156000000000001,5.154,
000860,10.89,10.2,10.066500000000001,
600521,16.89,16.759999999999998,15.412,华海药业
600161,12.59,12.175999999999998,12.031,天坛生物
002041,8.62,8.297999999999998,8.2165,
002737,13.44,12.889999999999997,12.2835,
603809,9.47,8.92,8.854,豪能股份
601665,6.19,6.06,5.994,齐鲁银行
002405,6.91,6.702,6.3665,
003037,10.21,9.674,8.761500000000002,
002197,6.72,6.593999999999999,6.141,
002131,5.43,4.71,4.2395,
603168,5.18,4.976,4.9635,莎普爱思
601155,11.21,10.774000000000001,10.6175,新城控股
002286,18.1,18.014,13.620499999999998,
002908,13.26,12.663999999999998,10.0285,
600623,19.72,19.41,14.655000000000001,华谊集团
601577,9.46,9.196,9.039,长沙银行
002045,8.6,8.424,7.8454999999999995,
600655,11.62,11.498000000000001,8.416500000000001,豫园股份
001318,10.91,10.895999999999999,10.2745,
600267,11.98,11.22,10.489999999999998,海正药业
603558,12.14,11.762,11.5245,健盛集团
600919,11.45,11.290000000000001,11.2385,江苏银行
002036,7.09,6.974000000000001,6.761500000000001,
000566,5.86,5.750000000000002,5.2395000000000005,
002746,5.87,5.572,5.3405000000000005,
002019,10.46,10.059999999999999,9.8665,
600025,9.81,9.73,9.3155,华能水电
000713,5.7,5.544,5.475499999999999,
603043,13.51,13.274000000000001,13.143,广州酒家
002790,5.75,5.622,5.4990000000000006,
600059,7.95,7.676,7.617,古越龙山
603536,9.01,8.822,8.2785,惠发食品
002007,13.32,12.954000000000002,12.7595,
603299,9.54,9.212,9.1395,苏盐井神
000726,10.37,10.158,8.545,
600305,7.99,7.909999999999999,7.355999999999999,恒顺醋业
600718,7.75,7.715999999999999,7.528500000000001,东软集团
600757,7.7,7.482000000000001,7.4784999999999995,长江传媒
000531,7.33,6.965999999999999,6.819,
002550,7.22,6.914,6.4955,
603987,7.54,7.316,7.183,康德莱
601019,16.94,16.106,11.959999999999999,山东出版
600356,8.18,7.876,7.816,恒丰纸业
603711,11.34,11.214,10.852,香飘飘
600578,5.97,5.869999999999999,5.7625,京能电力
603569,5.82,5.572,5.4405,长久物流
000501,9.6,9.338,8.3445,
600629,13.75,13.278,13.260499999999999,华建集团
603151,13.13,13.024000000000001,12.336000000000002,邦基科技
601086,7.27,6.892,6.8545,国芳集团
600129,17.98,17.104,14.23,太极集团
603879,5.93,5.802,5.195,永悦科技
002675,13.34,12.886000000000001,12.7455,
002277,5.81,5.699999999999999,5.568,
603126,11.32,11.258,9.111500000000001,中材节能
600712,5.52,5.153999999999999,4.781000000000001,南宁百货
603000,15.82,15.384,15.3535,人民网
000859,8.28,8.126,8.013,
002358,5.76,5.678,5.362,
002727,11.15,10.501999999999999,10.3615,
601997,5.47,5.336,5.32,贵阳银行
601956,7.03,6.766,5.851,东贝集团
002037,6.85,6.696000000000001,6.154,
603858,16.05,15.736,15.3005,步长制药
603387,9.23,8.456,8.119,基蛋生物
601808,11.57,11.443999999999999,11.325,中海油服
003000,10.64,10.315999999999999,10.1405,
002543,6.59,6.4799999999999995,6.430499999999999,
600975,5.11,5.104,4.692,新五丰
600058,9.59,9.494,9.3945,五矿发展
002646,13.22,13.175999999999998,11.3235,
002763,7.21,6.959999999999999,6.9345,
002507,11.53,11.203999999999999,11.173,
601566,8.51,8.434000000000001,8.127500000000001,九牧王
002274,5.59,5.54,5.066,
600784,7.6,7.452,7.164499999999999,鲁银投资
605266,16.7,15.942000000000002,15.607500000000002,健之佳
605189,15.64,14.092000000000002,13.746500000000001,富春染织
600829,9.89,8.636,8.2405,人民同泰
002320,6.83,6.758000000000001,6.413499999999999,
605077,11.01,10.71,10.499500000000001,华康股份
600125,5.48,5.338,5.2955,铁龙物流
603909,8.98,8.798,8.5425,建发合诚
002917,11.64,11.52,10.852500000000001,
002732,13.47,13.378,12.8005,
601999,6.52,6.478,6.186,出版传媒
601900,11.82,11.4,11.278,南方传媒
000888,9.79,9.292,9.2615,
600064,7.63,7.4319999999999995,7.3675,南京高科
002900,11.19,10.08,9.821000000000002,
002107,6.95,6.460000000000001,6.130999999999999,
601118,5.25,5.029999999999999,4.849,海南橡胶
605300,9.79,9.648,9.1305,佳禾食品
603101,7.32,7.2620000000000005,7.009,汇嘉时代
600513,19.15,16.715999999999998,15.655999999999997,联环药业
601857,10.02,9.67,9.2895,中国石油
601339,8.29,7.6,7.220999999999999,百隆东方
002671,15.16,14.441999999999998,9.937999999999999,
000650,5.6,5.38,5.2410000000000005,
600771,15.3,14.687999999999999,13.860500000000002,广誉远
002313,7.94,7.824000000000001,7.787000000000001,
600694,14.75,14.274000000000001,13.977500000000001,大商股份
603617,7.0,6.786,6.5954999999999995,君禾股份
600834,7.28,7.114,6.995,申通地铁
000735,5.28,5.236,5.021,
601928,9.35,9.224,9.0235,凤凰传媒
601952,8.07,7.848000000000001,7.789,苏垦农发
002267,7.11,6.984,6.852000000000001,
601198,14.29,13.916,13.619500000000002,东兴证券
605388,5.96,5.952,5.1845,均瑶健康
603679,19.3,18.074,17.526500000000002,华体科技
603810,11.54,11.162,10.914,丰山集团
600639,9.75,9.548,9.458499999999999,浦东金桥
605056,14.87,13.998000000000001,13.8005,咸亨国际
002603,17.44,16.351999999999997,15.555000000000001,
002458,9.02,8.754000000000001,8.487,
600833,10.04,9.725999999999999,9.5825,第一医药
600847,14.86,14.588,13.391,万里股份
000506,14.82,13.991999999999999,12.997,
000421,5.93,5.814,5.5329999999999995,
600191,10.28,9.959999999999999,9.017,华资实业
002022,5.21,4.9559999999999995,4.842,
603998,10.17,9.66,9.416500000000001,方盛制药
600517,9.63,9.616,7.303999999999999,国网英大
603012,8.47,8.278,8.133,创力集团
603327,8.99,8.943999999999999,8.474499999999999,福蓉科技
002511,7.47,7.2780000000000005,7.1345,
603708,9.5,9.12,8.964500000000001,家家悦
002532,12.75,11.596,11.546,
002879,18.76,17.392,15.178,
600613,5.11,4.837999999999999,4.7170000000000005,神奇制药
002090,11.53,11.312000000000001,10.2565,
600908,5.45,5.296,5.277500000000001,无锡银行
002719,7.82,7.796000000000001,6.8690000000000015,
600663,6.78,6.57,6.4670000000000005,陆家嘴
000159,5.82,5.491999999999999,5.3585,
002533,12.63,12.528,11.7975,
600848,8.96,8.504000000000001,8.080499999999999,上海临港
000156,8.23,8.078,7.4155,
600233,17.5,16.974,16.5285,圆通速递
600971,7.93,7.3199999999999985,7.2395,恒源煤电
